Scones,Mela,Rods,Mcones,RedOpsin,x_axis
0.9286639286639287,0.27,0.13241921995969616,0.10403610403610404,0.0,350.0
0.9351344351344352,0.27,0.13249964781590914,0.10466860466860467,0.0,350.5
0.9416049416049417,0.27,0.13258007567212213,0.10530110530110531,0.0,351.0
0.9475104475104476,0.27,0.13264052145225733,0.10584910584910585,0.0,351.5
0.9534159534159534,0.27,0.13270096723239255,0.10639710639710641,0.0,352.0
0.9587219587219586,0.27,0.13274143093645,0.10686460686460687,0.0,352.5
0.964027964027964,0.27,0.13278189464050746,0.10733210733210734,0.0,353.0
0.9687019687019688,0.27,0.13280537357989883,0.10772310772310772,0.0,353.5
0.9733759733759734,0.27,0.13282885251929022,0.10811410811410811,0.0,354.0
0.9773879773879774,0.265,0.13283534669401548,0.10843310843310844,0.0,354.5
0.9813999813999814,0.26,0.13284184086874073,0.10875210875210875,0.0,355.0
0.9847234847234847,0.26,0.1328343475902116,0.10900460900460901,0.0,355.5
0.9880469880469881,0.26,0.13282685431168245,0.10925710925710927,0.0,356.0
0.9906574906574908,0.26,0.13280637268370274,0.10944810944810945,0.0,356.5
0.9932679932679933,0.26,0.13278589105572303,0.10963910963910964,0.0,357.0
0.9951449951449952,0.26,0.13275441928590054,0.10977260977260977,0.0,357.5
0.9970219970219971,0.26,0.13272294751607808,0.10990610990610991,0.0,358.0
0.9981484981484982,0.26,0.13268198426011868,0.10998860998861,0.0,358.5
0.9992749992749993,0.26,0.13264102100415928,0.11007111007111008,0.0,359.0
0.9996374996374997,0.26,0.13259356357347463,0.1101066101066101,0.0,359.5
1.0,0.26,0.13254610614278994,0.11014211014211014,0.0,360.0
0.9995894995894996,0.26,0.1324931536411839,0.11013561013561013,0.0,360.5
0.9991789991789992,0.26,0.13244020113957783,0.11012911012911014,0.0,361.0
0.997989997989998,0.26,0.13238475087846202,0.11008611008611009,0.0,361.5
0.9968009968009969,0.26,0.13232930061734627,0.11004311004311004,0.0,362.0
0.9948319948319949,0.255,0.1322738503562305,0.10996760996760997,0.0,362.5
0.992862992862993,0.25,0.1322184000951147,0.1098921098921099,0.0,363.0
0.9901169901169902,0.25,0.13216394893780284,0.1097886097886098,0.0,363.5
0.9873709873709874,0.25,0.13210949778049091,0.1096851096851097,0.0,364.0
0.9838559838559838,0.25,0.13206004214219846,0.10955860955860956,0.0,364.5
0.9803409803409804,0.25,0.132010586503906,0.10943210943210943,0.0,365.0
0.9760679760679761,0.25,0.13196762504033882,0.10928610928610928,0.0,365.5
0.9717949717949719,0.25,0.13192466357677163,0.10914010914010915,0.0,366.0
0.9667789667789668,0.25,0.13189069404743944,0.10897910897910898,0.0,366.5
0.9617629617629618,0.25,0.1318567245181073,0.10881810881810881,0.0,367.0
0.9560249560249561,0.25,0.1318352437863237,0.10864510864510864,0.0,367.5
0.9502869502869503,0.25,0.13181376305454007,0.10847210847210847,0.0,368.0
0.9438489438489439,0.245,0.13180676932791288,0.10829110829110829,0.0,368.5
0.9374109374109374,0.24,0.13179977560128567,0.10811010811010811,0.0,369.0
0.9303004303004304,0.24,0.1318102661912265,0.10792410792410792,0.0,369.5
0.9231899231899232,0.24,0.1318207567811673,0.10773810773810774,0.0,370.0
0.9154379154379155,0.24,0.1318512294471859,0.10755060755060755,0.0,370.5
0.9076859076859076,0.24,0.13188170211320446,0.10736310736310736,0.0,371.0
0.8993253993253993,0.24,0.1319356537186144,0.1071766071766072,0.0,371.5
0.890964890964891,0.24,0.13198960532402437,0.106990106990107,0.0,372.0
0.8820333820333821,0.24,0.13206903407643347,0.10680760680760681,0.0,372.5
0.8731018731018731,0.24,0.13214846282884254,0.10662510662510663,0.0,373.0
0.8636378636378637,0.24,0.13225686559156435,0.10644910644910645,0.0,373.5
0.8541738541738542,0.24,0.13236526835428622,0.10627310627310628,0.0,374.0
0.8442188442188442,0.24,0.13250564243873245,0.10610560610560611,0.0,374.5
0.8342638342638342,0.24,0.1326460165231787,0.10593810593810594,0.0,375.0
0.8238618238618238,0.24,0.13282135924076108,0.10578160578160578,0.0,375.5
0.8134598134598136,0.24,0.1329967019583434,0.10562510562510563,0.0,376.0
0.8026553026553027,0.24,0.13321001062047344,0.10548160548160548,0.0,376.5
0.7918507918507919,0.24,0.1334233192826035,0.10533810533810534,0.0,377.0
0.7806897806897807,0.24,0.13367709164879105,0.1052096052096052,0.0,377.5
0.7695287695287696,0.24,0.13393086401497858,0.10508110508110508,0.0,378.0
0.7580582580582581,0.24,0.13422859694853717,0.10496910496910498,0.0,378.5
0.7465877465877466,0.24,0.13452632988209576,0.10485710485710487,0.0,379.0
0.7348552348552349,0.24,0.13487152024633906,0.10476360476360477,0.0,379.5
0.7231227231227232,0.24,0.13521671061058232,0.10467010467010467,0.0,380.0
0.7111757111757112,0.24,0.13561185616502,0.10459660459660461,0.0034940745209029165,380.5
0.6992286992286992,0.24,0.13600700171945765,0.10452310452310454,0.006988149041805833,381.0
0.687114187114187,0.24,0.13645559932740334,0.10447060447060447,0.010425612571358786,381.5
0.6749996749996751,0.24,0.136904196935349,0.10441810441810442,0.013863076100911738,382.0
0.6627641627641628,0.24,0.1374087443563124,0.1043881043881044,0.017243928639114725,382.5
0.6505286505286505,0.24,0.1379132917772758,0.10435810435810437,0.020624781177317718,383.0
0.6382181382181382,0.24,0.1384772858745705,0.10435260435260435,0.02394902272417074,383.5
0.6259076259076259,0.24,0.13904127997186527,0.10434710434710434,0.027273264271023764,384.0
0.6135656135656135,0.24,0.13966821760880493,0.10436610436610437,0.03054089482652683,384.5
0.6012236012236012,0.24,0.14029515524574457,0.1043851043851044,0.03380852538202989,385.0
0.5888935888935889,0.24,0.14098703462993695,0.10443060443060444,0.03701954494618299,385.5
0.5765635765635766,0.24,0.14167891401412933,0.10447610447610448,0.04023056451033609,386.0
0.5642860642860643,0.24,0.14243973156078998,0.10454910454910456,0.04338497308313923,386.5
0.552008552008552,0.24,0.14320054910745064,0.10462210462210463,0.04653938165594237,387.0
0.5398225398225399,0.24,0.14403230302418732,0.10472310472310474,0.04963717923739554,387.5
0.5276365276365277,0.24,0.14486405694092402,0.10482410482410483,0.05273497681884871,388.0
0.5155795155795156,0.24,0.1457707436429523,0.10495510495510495,0.05577616340895192,388.5
0.5035225035225036,0.24,0.14667743034498057,0.1050861050861051,0.05881734999905513,389.0
0.49162799162799165,0.24,0.1476610480399082,0.10524710524710526,0.061801925597808366,389.5
0.4797334797334798,0.24,0.14864466573483587,0.10540810540810541,0.06478650119656161,390.0
0.468033968033968,0.245,0.14970921083787841,0.10560060560060561,0.0677144658039649,390.5
0.45633445633445635,0.25,0.150773755940921,0.10579310579310579,0.07064243041136817,391.0
0.4448589448589449,0.25,0.15192072710778431,0.10601760601760603,0.07351378402742148,391.5
0.43338343338343344,0.25,0.15306769827464767,0.10624210624210625,0.0763851376434748,392.0
0.4221584221584222,0.25,0.15430109192054728,0.10650010650010651,0.07919988026817816,392.5
0.41093341093341096,0.25,0.15553448556644692,0.10675810675810676,0.08201462289288151,393.0
0.3999828999829,0.255,0.1568562998989906,0.10705060705060705,0.08477275452623491,393.5
0.389032389032389,0.26,0.1581781142315343,0.10734310734310734,0.08753088615958829,394.0
0.3783768783768784,0.26,0.15959084701023182,0.10767060767060768,0.09023240680159172,394.5
0.36772136772136776,0.26,0.16100357978892935,0.107998107998108,0.09293392744359516,395.0
0.3573803573803574,0.26,0.16251022832519232,0.10836160836160837,0.09557883709424861,395.5
0.347039347039347,0.26,0.1640168768614553,0.10872510872510872,0.09822374674490206,396.0
0.337027337027337,0.265,0.1656194393628915,0.10912560912560913,0.10081204540420556,396.5
0.32701532701532704,0.27,0.1672220018643277,0.10952610952610953,0.10340034406350906,397.0
0.31734581734581735,0.27,0.16892397519425076,0.10996510996510997,0.1059320317314626,397.5
0.3076763076763077,0.27,0.17062594852417381,0.11040411040411041,0.10846371939941613,398.0
0.29835979835979837,0.27,0.1724283317863876,0.11088161088161087,0.11093879607601971,398.5
0.289043289043289,0.27,0.1742307150486014,0.11135911135911136,0.1134138727526233,399.0
0.28008728008728007,0.275,0.17613600600261567,0.11187711187711188,0.1158323384378769,399.5
0.27113127113127117,0.28,0.1780412969566299,0.11239511239511239,0.1182508041231305,400.0
0.2625412625412626,0.28,0.18005249291385628,0.11295411295411295,0.12061265881703413,400.5
0.25395125395125395,0.28,0.18206368887108265,0.11351311351311352,0.12297451351093779,401.0
0.24573124573124572,0.28500000000000003,0.184181788935325,0.11411461411461413,0.1252797572134915,401.5
0.2375112375112375,0.29,0.1862998889995674,0.11471611471611472,0.12758500091604516,402.0
0.22966172966172968,0.29,0.18852689137843356,0.11536061536061537,0.12983363362724884,402.5
0.22181222181222182,0.29,0.19075389375729973,0.11600511600511601,0.13208226633845258,403.0
0.21433271433271434,0.295,0.19309179665839746,0.1166941166941167,0.13427428805830632,403.5
0.20685320685320688,0.3,0.19542969955949516,0.1173831173831174,0.1364663097781601,404.0
0.19974069974069975,0.305,0.1978805011904322,0.11811761811761812,0.13860172050666392,404.5
0.19262819262819264,0.31,0.20033130282136924,0.11885211885211885,0.1407371312351677,405.0
0.1858791858791859,0.31,0.2028960022859495,0.11963411963411963,0.1428159309723215,405.5
0.17913017913017915,0.31,0.20546070175052977,0.12041612041612042,0.14489473070947534,406.0
0.17273867273867277,0.315,0.20814079770445912,0.12124612124612125,0.14691691945527924,406.5
0.16634716634716634,0.32,0.21082089365838844,0.12207612207612209,0.1489391082010831,407.0
0.16030616030616032,0.325,0.21361738520547072,0.12295512295512297,0.150904685955537,407.5
0.15426515426515428,0.33,0.21641387675255297,0.12383412383412384,0.15287026370999088,408.0
0.14856614856614858,0.33,0.2193277629965921,0.12476462476462477,0.1547792304730948,408.5
0.14286714286714286,0.33,0.22224164924063117,0.1256951256951257,0.15668819723619876,409.0
0.1375011375011375,0.335,0.22527442883733292,0.1266781266781267,0.15854055300795272,409.5
0.13213513213513214,0.34,0.22830720843403468,0.12766112766112767,0.1603929087797067,410.0
0.1270921270921271,0.345,0.2314588813833991,0.12869762869762869,0.1621886535601107,410.5
0.12204912204912206,0.35,0.23461055433276354,0.12973412973412973,0.16398439834051473,411.0
0.11731811731811732,0.355,0.23788211973859452,0.1308256308256308,0.16572353212956875,411.5
0.1125871125871126,0.36,0.24115368514442548,0.13191713191713192,0.1674626659186228,412.0
0.10815660815660816,0.365,0.24454514300672298,0.13306613306613307,0.16914928822580605,412.5
0.10372610372610373,0.37,0.2479366008690205,0.13421513421513423,0.17083591053298933,413.0
0.09958474958474958,0.375,0.2514489502915884,0.1354221354221354,0.17249461841517685,413.5
0.09544339544339545,0.38,0.2549612997141564,0.13662913662913664,0.17415332629736438,414.0
0.09157844157844158,0.38,0.2585935415931909,0.13789663789663792,0.1757882192640354,414.5
0.0877134877134877,0.38,0.2622257834722254,0.13916413916413917,0.17742311223070648,415.0
0.08411273411273411,0.385,0.26597841735962846,0.1404936404936405,0.1790341902818609,415.5
0.08051198051198051,0.39,0.26973105124703145,0.14182314182314182,0.18064526833301536,416.0
0.07716287716287717,0.395,0.273603577590901,0.14321614321614323,0.18223253146865334,416.5
0.07381377381377381,0.4,0.2774761039347705,0.1446091446091446,0.18381979460429132,417.0
0.07070372070372072,0.405,0.28146752363130273,0.14606764606764605,0.1853832428244127,417.5
0.0675936675936676,0.41,0.28545894332783495,0.1475261475261475,0.1869466910445341,418.0
0.06471016471016472,0.415,0.28956925637702985,0.14905214905214906,0.18848632434913898,418.5
0.061826661826661834,0.42,0.2936795694262247,0.15057815057815058,0.19002595765374386,419.0
0.05915735915735915,0.425,0.2979072771723764,0.15217365217365217,0.19154177604283223,419.5
0.056488056488056486,0.43,0.30213498491852814,0.15376915376915376,0.19305759443192058,420.0
0.05402075402075402,0.435,0.3064790882578327,0.15543565543565543,0.1945495979054924,420.5
0.051553451553451556,0.44,0.3108231915971374,0.1571021571021571,0.19604160137906423,421.0
0.04927629927629928,0.445,0.3152821918738891,0.15884215884215883,0.1975097899371195,421.5
0.046999146999147,0.45,0.3197411921506409,0.1605821605821606,0.1989779784951748,422.0
0.044900444900444904,0.45999999999999996,0.3243135907091339,0.1623976623976624,0.20042235213771353,422.5
0.0428017428017428,0.47,0.32888598926762697,0.1642131642131642,0.20186672578025228,423.0
0.04087029087029087,0.475,0.3335697879002535,0.1661066661066661,0.20328728450727448,423.5
0.03893883893883894,0.48,0.33825358653288,0.168000168000168,0.2047078432342967,424.0
0.037163737163737165,0.485,0.3430472865839342,0.16997266997266997,0.20610458704580237,424.5
0.03538863538863539,0.49,0.3478409866349884,0.17194517194517195,0.20750133085730807,425.0
0.03375953375953376,0.495,0.3527415907930586,0.17400017400017398,0.20887425975329724,425.5
0.03213043213043214,0.5,0.35764219495112887,0.17605517605517604,0.2102471886492864,426.0
0.03063718063718064,0.505,0.3626482045605092,0.17819417819417818,0.21159630262975898,426.5
0.029143929143929145,0.51,0.36765421416988964,0.18033318033318033,0.21294541661023159,427.0
0.027777027777027778,0.515,0.3727621323672666,0.18255818255818257,0.2142707156751877,427.5
0.02641012641012641,0.52,0.37787005056464357,0.18478318478318478,0.2155960147401438,428.0
0.025160475160475163,0.525,0.38307737959050736,0.18709718709718712,0.21689749888958335,428.5
0.02391082391082391,0.53,0.38828470861637115,0.18941118941118942,0.21819898303902288,429.0
0.02276972276972277,0.54,0.3935884511593101,0.1918161918161918,0.2194766522729459,429.5
0.02162862162862163,0.55,0.3988921937022491,0.19422119422119424,0.2207543215068689,430.0
0.020587920587920586,0.555,0.40428885289894967,0.19671919671919674,0.22200817582527538,430.5
0.01954721954721955,0.56,0.40968551209565024,0.19921719921719921,0.22326203014368187,431.0
0.0185992185992186,0.565,0.4151720906347007,0.20181120181120182,0.22449206954657183,431.5
0.01765121765121765,0.57,0.4206586691737512,0.2044052044052044,0.2257221089494618,432.0
0.01678856678856679,0.575,0.426231170639936,0.2070972070972071,0.22692833343683522,432.5
0.015925915925915926,0.58,0.4318036721061208,0.20978920978920979,0.22813455792420861,433.0
0.015141865141865142,0.59,0.43745810008422453,0.2125812125812126,0.22931696749606548,433.5
0.014357814357814358,0.6,0.44311252806232815,0.21537321537321538,0.23049937706792234,434.0
0.013645963645963646,0.605,0.4488453856890369,0.21826771826771826,0.2316579717242627,434.5
0.012934112934112936,0.61,0.4545782433157458,0.22116222116222117,0.23281656638060305,435.0
0.01228851228851229,0.615,0.4603850346239424,0.22416172416172417,0.23395134612142687,435.5
0.011642911642911643,0.62,0.4661918259321389,0.22716122716122716,0.2350861258622507,436.0
0.011057911057911058,0.625,0.4720675554028037,0.2302677302677303,0.23619709068755795,436.5
0.010472910472910473,0.63,0.47794328487346854,0.23337423337423338,0.23730805551286524,437.0
0.009943434943434944,0.64,0.48388445564328797,0.2365902365902366,0.23841677206064102,437.5
0.009413959413959415,0.65,0.4898256264131075,0.2398062398062398,0.23952548860841677,438.0
0.008935153935153936,0.655,0.49582724296306224,0.24313374313374314,0.24076135670657128,438.5
0.008456348456348456,0.66,0.5018288595130169,0.24646124646124648,0.2419972248047258,439.0
0.008023773023773025,0.665,0.5078854267721854,0.24990224990224993,0.2433818110912441,439.5
0.007591197591197592,0.67,0.513941994031354,0.25334325334325336,0.2447663973777624,440.0
0.007200747200747201,0.675,0.5200490160326188,0.2568997568997569,0.24629970185264438,440.5
0.006810296810296811,0.68,0.5261560380338837,0.26045626045626047,0.2478330063275264,441.0
0.006458176458176458,0.69,0.5323085192582254,0.26413026413026414,0.24951502899077221,441.5
0.006106056106056106,0.7,0.5384610004825672,0.2678042678042678,0.251197051654018,442.0
0.005788765788765789,0.705,0.5446529463071624,0.2715977715977716,0.2530277925056275,442.5
0.0054714754714754715,0.71,0.5508448921317579,0.2753912753912754,0.2548585333572371,443.0
0.005185805185805186,0.715,0.5570718065894893,0.2793062793062793,0.2568379923972104,443.5
0.0049001349001349,0.72,0.5632987210472207,0.2832212832212832,0.25881745143718365,444.0
0.004643139643139643,0.725,0.5695546095152648,0.28725878725878723,0.2609456286655208,444.5
0.004386144386144386,0.73,0.5758104979833091,0.2912962912962913,0.26307380589385787,445.0
0.004155119155119155,0.74,0.5820898653907446,0.2954577954577955,0.26535070131055866,445.5
0.003924093924093924,0.75,0.5883692327981801,0.2996192996192997,0.26762759672725944,446.0
0.0037165637165637163,0.755,0.5946665840740856,0.3039068039068039,0.27005321033232405,446.5
0.003509033509033509,0.76,0.6009639353499912,0.3081943081943082,0.27247882393738865,447.0
0.0033227433227433225,0.765,0.6072727763196414,0.3126083126083126,0.27505315573081696,447.5
0.0031364531364531365,0.77,0.6135816172892916,0.31702231702231704,0.2776274875242453,448.0
0.0029693429693429694,0.775,0.619896952433667,0.3215643215643216,0.2803505375060374,448.5
0.0028022328022328023,0.78,0.6262122875780426,0.3261063261063261,0.2830735874878295,449.0
0.0026524226524226526,0.785,0.6325271231705161,0.3307763307763308,0.28594535565798535,449.5
0.002502612502612503,0.79,0.6388419587629895,0.33544633544633545,0.2888171238281413,450.0
0.0023683923683923687,0.795,0.6451507997326398,0.34024584024584026,0.2918376101866609,450.5
0.0022341722341722345,0.8,0.65145964070229,0.34504534504534506,0.2948580965451805,451.0
0.0021139921139921142,0.81,0.6577564924262936,0.34997384997385,0.29802730109206393,451.5
0.001993811993811994,0.82,0.6640533441502973,0.3549023549023549,0.30119650563894723,452.0
0.0018862668862668862,0.825,0.6703322120058309,0.35996035996035997,0.3045144283741944,452.5
0.0017787217787217787,0.83,0.6766110798613644,0.36501836501836504,0.30783235110944157,453.0
0.0016825366825366827,0.835,0.6828649701218008,0.3702058702058702,0.3112989920330525,453.5
0.0015863515863515864,0.84,0.6891188603822372,0.37539337539337536,0.3147656329566634,454.0
0.0015003665003665003,0.845,0.695342277976655,0.3807093807093807,0.31838099206863807,454.5
0.0014143814143814145,0.85,0.7015656955710728,0.38602538602538605,0.32199635118061276,455.0
0.0013375513375513373,0.855,0.7077516467728449,0.39146889146889147,0.3257604284809512,455.5
0.0012607212607212606,0.86,0.7139375979746169,0.39691239691239694,0.3295245057812896,456.0
0.001192101192101192,0.865,0.7200805877128217,0.4024834024834025,0.33343730126999177,456.5
0.0011234811234811235,0.87,0.7262235774510265,0.408054408054408,0.337350096758694,457.0
0.0010622310622310622,0.875,0.7323166119990369,0.4137504137504137,0.34141161043575996,457.5
0.001000981000981001,0.88,0.7384096465470473,0.41944641944641947,0.3454731241128259,458.0
0.0009463189463189464,0.885,0.7444462317301381,0.42526542526542527,0.34968335597825556,458.5
0.0008916568916568917,0.89,0.7504828169132289,0.4310844310844311,0.35389358784368524,459.0
0.000842899842899843,0.895,0.7564564585566748,0.43702543702543706,0.35825253789747874,459.5
0.0007941427941427941,0.9,0.7624301002001205,0.442966442966443,0.36261148795127224,460.0
0.0007506662506662507,0.905,0.768335303233,0.44902594902594906,0.36711915619342944,460.5
0.0007071897071897072,0.91,0.7742405062658796,0.4550854550854551,0.37162682443558664,461.0
0.0006684356684356685,0.915,0.7800692778577617,0.4612604612604613,0.3762832108661076,461.5
0.0006296816296816296,0.92,0.7858980494496438,0.46743546743546743,0.3809395972966286,462.0
0.0005951465951465952,0.925,0.7916453940815089,0.4737224737224737,0.385713332257494,462.5
0.0005606115606115607,0.93,0.7973927387133742,0.48000948000948,0.3904870672183594,463.0
0.0005298455298455299,0.93,0.8030506635547914,0.4864049864049864,0.39518993276145364,463.5
0.0004990794990794991,0.93,0.8087085883962086,0.4928004928004928,0.3998927983045478,464.0
0.00047167797167797174,0.935,0.8142715983762565,0.4992999992999993,0.4044934247718514,464.5
0.0004442764442764443,0.94,0.8198346083563045,0.5057995057995058,0.40909405123915504,465.0
0.0004198774198774199,0.945,0.8252957097483558,0.5123985123985124,0.4135924386306681,465.5
0.00039547839547839547,0.95,0.8307568111404071,0.518997518997519,0.4180908260221811,466.0
0.00037375687375687376,0.95,0.8361095097697366,0.5256900256900258,0.42248697433790355,466.5
0.00035203535203535204,0.95,0.841462208399066,0.5323825323825324,0.426883122653626,467.0
0.00033270133270133276,0.955,0.8467000100909485,0.5391635391635392,0.4311770318935578,467.5
0.0003133673133673134,0.96,0.8519378117828308,0.545944545944546,0.43547094113348966,468.0
0.0002961617961617962,0.965,0.8570537228106389,0.5528075528075529,0.43966261129763096,468.5
0.000278956278956279,0.97,0.862169633838447,0.5596705596705597,0.4438542814617722,469.0
0.00026364576364576366,0.97,0.8671566604755535,0.5666090666090667,0.4479437125501229,469.5
0.0002483352483352484,0.97,0.87214368711266,0.5735475735475736,0.45203314363847363,470.0
0.00023471373471373473,0.975,0.8769963342881436,0.5805535805535806,0.4560203356510338,470.5
0.0002210922210922211,0.98,0.8818489814636272,0.5875595875595876,0.4600075276635938,471.0
0.00020897420897420899,0.98,0.8865597558989587,0.5946255946255946,0.46389248060036337,471.5
0.00019685619685619687,0.98,0.8912705303342903,0.6016916016916016,0.46777743353713297,472.0
0.0001860761860761861,0.985,0.8958324383028424,0.6088101088101089,0.47156014739811186,472.5
0.0001752961752961753,0.99,0.9003943462713946,0.615928615928616,0.4753428612590908,473.0
0.00016570766570766571,0.99,0.9048013931503442,0.6230896230896231,0.47902333604427927,473.5
0.00015611915611915612,0.99,0.9092084400292938,0.6302506302506302,0.4827038108294676,474.0
0.0001475896475896476,0.99,0.9134531325401116,0.6374461374461374,0.4862820465388655,474.5
0.00013906013906013904,0.99,0.9176978250509294,0.6446416446416446,0.4898602822482633,475.0
0.00013147363147363148,0.995,0.9217741685707921,0.6518611518611518,0.49333627888187054,475.5
0.00012388712388712388,1.0,0.9258505120906547,0.659080659080659,0.4968122755154778,476.0
0.00011713861713861714,1.0,0.9297515128929351,0.6663136663136663,0.5001860330732945,476.5
0.0001103901103901104,1.0,0.9336525136952155,0.6735466735466735,0.5035597906311111,477.0
0.00010438715438715439,1.0,0.9373711780532863,0.6807831807831809,0.5068313091131371,477.5
9.838419838419839e-05,1.0,0.9410898424113572,0.688019688019688,0.5101028275951631,478.0
9.304414304414304e-05,1.0,0.9446196761504931,0.6952481952481953,0.5132721070013987,478.5
8.770408770408771e-05,1.0,0.948149509889629,0.7024767024767025,0.5164413864076342,479.0
8.295323295323296e-05,1.0,0.9514835192832031,0.7096857096857098,0.5195084267380791,479.5
7.820237820237821e-05,1.0,0.954817528676777,0.716894716894717,0.5225754670685242,480.0
7.397542397542398e-05,1.0,0.9579492195500636,0.724072224072224,0.5255402683231786,480.5
6.974846974846975e-05,1.0,0.9610809104233503,0.7312497312497314,0.5285050695778327,481.0
6.598716598716599e-05,1.0,0.9640032890497225,0.7383832383832384,0.5313676317566967,481.5
6.222586222586222e-05,1.0,0.9669256676760947,0.7455167455167455,0.5342301939355605,482.0
5.887845887845888e-05,1.0,0.969632739432729,0.7525932525932526,0.5369905170386337,482.5
5.553105553105553e-05,1.0,0.9723398111893632,0.7596697596697597,0.5397508401417068,483.0
5.255160255160256e-05,1.0,0.9748245823496324,0.7666762666762668,0.5424089241689894,483.5
4.957214957214957e-05,1.0,0.9773093535099017,0.7736827736827737,0.545067008196272,484.0
4.691969691969692e-05,0.995,0.9795658294509825,0.7806067806067806,0.547622853147764,484.5
4.426724426724427e-05,0.99,0.9818223053920634,0.7875307875307875,0.5501786980992561,485.0
4.1905441905441906e-05,0.99,0.9838434923873286,0.7943572943572943,0.5526323039749576,485.5
3.954363954363954e-05,0.99,0.9858646793825939,0.8011838011838012,0.555085909850659,486.0
3.744028744028744e-05,0.985,0.9876445828092202,0.8078998078998079,0.5574372766505699,486.5
3.5336935336935333e-05,0.98,0.9894244862358464,0.8146158146158147,0.5597886434504806,487.0
3.346323346323347e-05,0.98,0.9909576110229125,0.8212068212068212,0.5620611918661634,487.5
3.158953158953159e-05,0.98,0.9924907358099785,0.8277978277978278,0.5643337402818461,488.0
2.992007992007992e-05,0.975,0.993770088230857,0.8342498342498343,0.5666679944626752,488.5
2.825062825062825e-05,0.97,0.9950494406517355,0.8407018407018407,0.5690022486435043,489.0
2.6762726762726763e-05,0.97,0.996070025187407,0.847000347000347,0.5714216292810422,489.5
2.5274825274825277e-05,0.97,0.9970906097230785,0.8532988532988534,0.5738410099185802,490.0
2.3948423948423952e-05,0.965,0.9978469313026216,0.8594303594303595,0.5763455170128269,490.5
2.2622022622022624e-05,0.96,0.9986032528821648,0.8655618655618657,0.5788500241070734,491.0
2.1439221439221444e-05,0.96,0.9990898164346582,0.8715108715108716,0.5814396576580289,491.5
2.0256420256420257e-05,0.96,0.9995763799871515,0.8774598774598775,0.5840292912089842,492.0
1.9201369201369202e-05,0.955,0.9997881899935757,0.8832123832123833,0.5867040512166484,492.5
1.8146318146318147e-05,0.95,1.0,0.888964888964889,0.5893788112243127,493.0
1.7204867204867205e-05,0.945,0.9999325604932376,0.8945073945073945,0.5921386976886858,493.5
1.6263416263416264e-05,0.94,0.9998651209864752,0.9000499000499,0.5948985841530586,494.0
1.5423115423115426e-05,0.935,0.9995144355513105,0.9053679053679055,0.5977435970741405,494.5
1.4582814582814584e-05,0.93,0.9991637501161459,0.9106859106859106,0.6005886099952221,495.0
1.3832463832463832e-05,0.925,0.9985253227854614,0.9157654157654158,0.6035187493730126,495.5
1.3082113082113082e-05,0.92,0.997886895454777,0.9208449208449209,0.6064488887508032,496.0
1.2411912411912412e-05,0.915,0.9969582284690633,0.9256729256729257,0.6094641545853025,496.5
1.1741711741711742e-05,0.91,0.9960295614833495,0.9305009305009305,0.6124794204198019,497.0
1.1142861142861142e-05,0.905,0.9948071579792926,0.935063935063935,0.6155798127110099,497.5
1.0544010544010544e-05,0.9,0.9935847544752359,0.9396269396269397,0.618680205002218,498.0
1.000865500865501e-05,0.895,0.9920661166933261,0.943912443912444,0.6218657237501348,498.5
9.473299473299475e-06,0.89,0.9905474789114165,0.9481979481979482,0.6250512424980518,499.0
8.994558994558996e-06,0.885,0.9887306086440464,0.9521934521934522,0.6283218877026775,499.5
8.515818515818516e-06,0.88,0.9869137383766762,0.9561889561889563,0.6315925329073031,500.0
8.087523087523089e-06,0.87,0.9847976365200416,0.9598829598829599,0.6349483045686376,500.5
7.65922765922766e-06,0.86,0.9826815346634069,0.9635769635769635,0.6383040762299721,501.0
7.275887275887276e-06,0.855,0.980265701665606,0.966957466957467,0.6417449743480153,501.5
6.892546892546893e-06,0.85,0.9778498686678051,0.9703379703379704,0.6451858724660585,502.0
6.549301549301549e-06,0.845,0.9751338049769358,0.9733954733954734,0.6487118970408104,502.5
6.206056206056206e-06,0.84,0.9724177412860665,0.9764529764529765,0.6522379216155625,503.0
5.898565898565899e-06,0.83,0.9694024460059327,0.9791764791764792,0.6558490726470233,503.5
5.5910755910755916e-06,0.82,0.966387150725799,0.9818999818999818,0.659460223678484,504.0
5.3154953154953155e-06,0.815,0.9630736229602047,0.9842804842804843,0.6631565011666536,504.5
5.039915039915039e-06,0.81,0.9597600951946105,0.9866609866609867,0.6668527786548232,505.0
4.792809792809792e-06,0.8,0.9561508327030653,0.9886904886904887,0.6706341825997015,505.5
4.545704545704546e-06,0.79,0.9525415702115203,0.9907199907199907,0.6744155865445799,506.0
4.324034324034324e-06,0.785,0.9486395703054361,0.9923904923904925,0.6782821169461671,506.5
4.1023641023641025e-06,0.78,0.9447375703993519,0.9940609940609941,0.6821486473477543,507.0
3.9034039034039035e-06,0.77,0.9405458303901401,0.9953659953659955,0.6861003042060501,507.5
3.7044437044437044e-06,0.76,0.9363540903809283,0.9966709966709967,0.690051961064346,508.0
3.5257835257835254e-06,0.755,0.9318776057876086,0.9976039976039976,0.6940887443793506,508.5
3.347123347123347e-06,0.75,0.9274011211942887,0.9985369985369985,0.6981255276943553,509.0
3.186608186608186e-06,0.74,0.9226448875358803,0.9990929990929991,0.7022474374660688,509.5
3.026093026093026e-06,0.73,0.917888653877472,0.9996489996489997,0.7063693472377823,510.0
2.881802881802882e-06,0.725,0.9128586657767982,0.9998244998244998,0.7105763834662046,510.5
2.7375127375127374e-06,0.72,0.9078286776761245,1.0,0.7147834196946267,511.0
2.607737607737608e-06,0.71,0.9025319288598128,0.9997914997914998,0.7190755823797577,511.5
2.477962477962478e-06,0.7,0.897235180043501,0.9995829995829996,0.7233677450648887,512.0
2.3611873611873613e-06,0.69,0.8916786642381783,0.998988998988999,0.7277284933615304,512.5
2.2444122444122446e-06,0.68,0.8861221484328557,0.9983949983949985,0.7320892416581721,513.0
2.1392721392721392e-06,0.675,0.8803148575727573,0.9974134974134975,0.7364193304951364,513.5
2.0341320341320343e-06,0.67,0.8745075667126587,0.9964319964319964,0.7407494193321008,514.0
1.93941693941694e-06,0.66,0.8684584927320195,0.995063495063495,0.7450323078641894,514.5
1.844701844701845e-06,0.65,0.8624094187513801,0.9936949936949937,0.749315196396278,515.0
1.7593267593267595e-06,0.64,0.8561275535844348,0.9919404919404919,0.7535508846234912,515.5
1.673951673951674e-06,0.63,0.8498456884174896,0.9901859901859902,0.7577865728507043,516.0
1.5969565969565969e-06,0.625,0.8433425217579831,0.9880479880479881,0.7619750607730419,516.5
1.51996151996152e-06,0.62,0.8368393550984766,0.985909985909986,0.7661635486953794,517.0
1.4504864504864507e-06,0.61,0.8301248779844479,0.9833904833904834,0.7703048363128415,517.5
1.381011381011381e-06,0.6,0.8234104008704193,0.9808709808709809,0.7744461239303035,518.0
1.3182813182813184e-06,0.59,0.816497102099417,0.977974977974978,0.77854021124289,518.5
1.2555512555512556e-06,0.58,0.8095838033284144,0.9750789750789751,0.7826342985554763,519.0
1.198876198876199e-06,0.5700000000000001,0.8024831725941831,0.9718114718114719,0.7866811855631871,519.5
1.1422011422011423e-06,0.56,0.7953825418599517,0.9685439685439686,0.790728072570898,520.0
1.090971090971091e-06,0.555,0.7881075675119418,0.964910964910965,0.7947277592737333,520.5
1.0397410397410398e-06,0.55,0.780832593163932,0.9612779612779614,0.7987274459765685,521.0
9.934054934054933e-07,0.54,0.7733957639996925,0.9572864572864573,0.8026799323745283,521.5
9.470699470699471e-07,0.53,0.7659589348354527,0.9532949532949533,0.806632418772488,522.0
9.051344051344052e-07,0.52,0.7583737387563356,0.948952948952949,0.8105377048655721,522.5
8.631988631988632e-07,0.51,0.7507885426772185,0.9446109446109446,0.8144429909586564,523.0
8.252228252228252e-07,0.505,0.7430694666883805,0.9399279399279399,0.818301076746865,523.5
7.872467872467872e-07,0.5,0.7353503906995427,0.9352449352449352,0.8221591625350737,524.0
7.528362528362529e-07,0.49,0.7275099235985322,0.9302299302299303,0.8259700480184067,524.5
7.184257184257184e-07,0.48,0.7196694564975218,0.9252149252149252,0.8297809335017398,525.0
6.872271872271872e-07,0.47,0.7117220852894953,0.9198794198794199,0.8335446186801972,525.5
6.56028656028656e-07,0.46,0.703774714081469,0.9145439145439146,0.8373083038586548,526.0
6.277241277241278e-07,0.455,0.695734426219681,0.908899408899409,0.8410247887322366,526.5
5.994195994195995e-07,0.45,0.6876941383578931,0.9032549032549033,0.8447412736058184,527.0
5.737255737255737e-07,0.44,0.6795749212955978,0.8973128973128973,0.8484105581745248,527.5
5.48031548031548e-07,0.43,0.6714557042333028,0.8913708913708914,0.8520798427432312,528.0
5.246930246930246e-07,0.42,0.6632720449756568,0.8851448851448851,0.855701927007062,528.5
5.013545013545014e-07,0.41,0.655088385718011,0.8789188789188789,0.859324011270893,529.0
4.801419801419802e-07,0.405,0.6468532726144649,0.8724223724223724,0.8628988952298482,529.5
4.58929458929459e-07,0.4,0.6386181595109187,0.8659258659258658,0.8664737791888035,530.0
4.3963793963793966e-07,0.39,0.6303455800147268,0.8591728591728592,0.8700014628428832,530.5
4.203464203464204e-07,0.38,0.622073000518535,0.8524198524198525,0.8735291464969628,531.0
4.027904027904028e-07,0.375,0.6137764425310498,0.8454253454253454,0.877009629846167,531.5
3.852343852343853e-07,0.37,0.6054798845435645,0.8384308384308384,0.8804901131953712,532.0
3.6924836924836924e-07,0.36,0.5971728359661383,0.8312098312098313,0.8839233962396997,532.5
3.5326235326235325e-07,0.35,0.5888657873887123,0.8239888239888241,0.8873566792840282,533.0
3.386963386963387e-07,0.345,0.5805602374669921,0.8165563165563166,0.8907427620234812,533.5
3.241303241303241e-07,0.34,0.572254687545272,0.8091238091238092,0.8941288447629342,534.0
3.108503108503108e-07,0.33,0.5639636246287081,0.8014963014963016,0.8974677271975117,534.5
2.9757029757029754e-07,0.32,0.5556725617121442,0.7938687938687939,0.900806609632089,535.0
2.8545528545528546e-07,0.315,0.5474074754944815,0.7860627860627861,0.9040982917617909,535.5
2.7334027334027333e-07,0.31,0.5391423892768188,0.7782567782567782,0.9073899738914928,536.0
2.622812622812623e-07,0.305,0.5309157685556057,0.7702872702872703,0.910634455716319,536.5
2.5122225122225124e-07,0.3,0.5226891478343926,0.7623177623177624,0.9138789375411451,537.0
2.411207411207411e-07,0.29000000000000004,0.5145114831995701,0.7542027542027543,0.9170666963519537,537.5
2.3101923101923104e-07,0.28,0.5063338185647475,0.7460877460877461,0.9202544551627623,538.0
2.217862217862218e-07,0.275,0.49821560060625625,0.7378432378432378,0.9233283547046994,538.5
2.1255321255321258e-07,0.27,0.490097382647765,0.7295987295987296,0.9264022542466366,539.0
2.041097041097041e-07,0.265,0.48204860240364394,0.7212407212407212,0.9293527718105603,539.5
1.9566619566619567e-07,0.26,0.4739998221595229,0.7128827128827129,0.9323032893744839,540.0
1.8793918793918795e-07,0.25,0.466030470667811,0.7044287044287045,0.9351304249603939,540.5
1.802121802121802e-07,0.24,0.45806111917609904,0.695974695974696,0.9379575605463037,541.0
1.7313717313717314e-07,0.235,0.4501801883710312,0.6874406874406875,0.9406613141542002,541.5
1.6606216606216607e-07,0.23,0.44229925756596333,0.6789066789066789,0.9433650677620966,542.0
1.5957965957965957e-07,0.225,0.4345147402779707,0.6703086703086704,0.9459454393919794,542.5
1.530971530971531e-07,0.22,0.42673022298997804,0.6617106617106617,0.9485258110218622,543.0
1.4715414715414716e-07,0.215,0.4190506116013936,0.6530656530656531,0.9509828006737313,543.5
1.4121114121114121e-07,0.21,0.41137100021280915,0.6444206444206444,0.9534397903256003,544.0
1.357591357591358e-07,0.20500000000000002,0.4038037880021621,0.6357431357431358,0.955773397999456,544.5
1.303071303071303e-07,0.2,0.39623657579151506,0.6270656270656271,0.9581070056733118,545.0
1.2530312530312532e-07,0.195,0.3887877573816287,0.6183721183721185,0.9603172313691537,545.5
1.202991202991203e-07,0.19,0.38133893897174237,0.6096786096786098,0.9625274570649957,546.0
1.1570311570311572e-07,0.185,0.3740160076411459,0.600983600983601,0.9646143007828241,546.5
1.1110711110711111e-07,0.18,0.3666930763105495,0.5922885922885923,0.9667011445006525,547.0
1.0688410688410688e-07,0.175,0.3595020266820662,0.5836070836070837,0.9686646062404674,547.5
1.0266110266110266e-07,0.17,0.352310977053583,0.574925574925575,0.9706280679802821,548.0
9.877739877739877e-08,0.165,0.3452563050943305,0.5662715662715663,0.9724681477420833,548.5
9.489369489369488e-08,0.16,0.33820163313507784,0.5576175576175577,0.9743082275038846,549.0
9.132074132074132e-08,0.155,0.33128833436407545,0.5490045490045491,0.9760249252876722,549.5
8.774778774778775e-08,0.15,0.32437503559307307,0.5403915403915404,0.9777416230714598,550.0
8.445868445868447e-08,0.14500000000000002,0.31760860508124217,0.5318330318330318,0.979334938877234,550.5
8.116958116958118e-08,0.14,0.31084217456941127,0.5232745232745233,0.9809282546830081,551.0
7.814002814002814e-08,0.135,0.3042261091800655,0.5147830147830148,0.9823981885107684,551.5
7.511047511047511e-08,0.13,0.29761004379071976,0.5062915062915063,0.9838681223385288,552.0
7.231847231847231e-08,0.125,0.29114784038717273,0.4978789978789979,0.9852146741882758,552.5
6.952646952646953e-08,0.12,0.2846856369836257,0.4894664894664895,0.9865612260380228,553.0
6.695196695196696e-08,0.12,0.27838129198109296,0.48114398114398116,0.987784395909756,553.5
6.437746437746439e-08,0.12,0.2720769469785602,0.4728214728214728,0.9890075657814892,554.0
6.2002212002212e-08,0.11499999999999999,0.2659324585846496,0.4646004646004646,0.9901073536752089,554.5
5.962695962695963e-08,0.11,0.2597879701907389,0.45637945637945637,0.9912071415689286,555.0
5.7434407434407435e-08,0.10500000000000001,0.25380583616496005,0.44826994826994826,0.9921835474846347,555.5
5.5241855241855246e-08,0.1,0.24782370213918117,0.44016044016044015,0.9931599534003408,556.0
5.321685321685322e-08,0.1,0.24200691979294575,0.4321709321709322,0.9940129773380334,556.5
5.11918511918512e-08,0.1,0.23619013744671033,0.4241814241814242,0.994866001275726,557.0
4.9320699320699315e-08,0.095,0.2305392063319203,0.41632191632191634,0.9955956432354048,557.5
4.7449547449547446e-08,0.09,0.22488827521713026,0.40846240846240844,0.9963252851950838,558.0
4.571964571964572e-08,0.08499999999999999,0.21940619264519726,0.4007399007399008,0.9969315451767491,558.5
4.3989743989743996e-08,0.08,0.2139241100732643,0.393017393017393,0.9975378051584145,559.0
4.238969238969239e-08,0.08,0.20861037649228642,0.38543988543988544,0.998020683162066,559.5
4.0789640789640795e-08,0.08,0.20329664291130856,0.37786237786237786,0.9985035611657179,560.0
3.930893930893931e-08,0.07500000000000001,0.19815325652889357,0.3704368704368704,0.9988630571913558,560.5
3.782823782823783e-08,0.07,0.1930098701464786,0.363011363011363,0.9992225532169939,561.0
3.645738645738646e-08,0.07,0.1880363314107246,0.35574335574335575,0.9994586672646185,561.5
3.508653508653509e-08,0.07,0.18306279267497055,0.34847534847534845,0.9996947813122432,562.0
3.381678381678382e-08,0.065,0.17826010068968137,0.34137034137034133,0.9998131275132619,562.5
3.254703254703255e-08,0.06,0.17345740870439216,0.3342653342653343,0.9999314737142804,563.0
3.137048137048137e-08,0.06,0.16882456436576393,0.32732782732782734,0.9999657368571402,563.5
3.0193930193930195e-08,0.06,0.1641917200271357,0.3203903203903204,1.0,564.0
2.9103229103229106e-08,0.055,0.15972872333516838,0.3136248136248136,0.9999557942161083,564.5
2.8012528012528014e-08,0.05,0.15526572664320104,0.30685930685930685,0.9999115884322166,565.0
2.7001027001027e-08,0.05,0.1509715784940908,0.30026930026930027,0.9997889137215735,565.5
2.598952598952599e-08,0.05,0.14667743034498057,0.2936792936792937,0.9996662390109305,566.0
2.505112505112505e-08,0.05,0.14255113163492347,0.2872677872677873,0.9994650953735362,566.5
2.411272411272411e-08,0.05,0.1384248329248664,0.28085628085628084,0.9992639517361419,567.0
2.324182324182324e-08,0.045,0.13446488499815665,0.27462477462477464,0.9989843391719962,567.5
2.2370922370922372e-08,0.04,0.13050493707144692,0.2683932683932684,0.9987047266078504,568.0
2.1562371562371565e-08,0.04,0.12670934172047674,0.26234376234376233,0.9983466451169533,568.5
2.0753820753820754e-08,0.04,0.12291374636950655,0.25629425629425634,0.9979885636260564,569.0
2.0002970002970006e-08,0.04,0.11928050538666818,0.2504282504282504,0.9975520132084081,569.5
1.9252119252119255e-08,0.04,0.11564726440382977,0.24456224456224457,0.9971154627907599,570.0
1.8554568554568555e-08,0.035,0.11217487913341734,0.23888023888023888,0.9966004434463599,570.5
1.7857017857017855e-08,0.03,0.10870249386300489,0.23319823319823318,0.9960854241019601,571.0
1.7208867208867207e-08,0.03,0.10538696788980285,0.22770022770022771,0.9954919358308093,571.5
1.656071656071656e-08,0.03,0.10207144191660082,0.22220222220222222,0.9948984475596585,572.0
1.5958315958315958e-08,0.03,0.09891127658490335,0.2168877168877169,0.9942264903617561,572.5
1.5355915355915358e-08,0.03,0.09575111125320589,0.2115732115732116,0.9935545331638538,573.0
1.4795864795864797e-08,0.03,0.09274231014779744,0.20644170644170645,0.9928041070392001,573.5
1.4235814235814237e-08,0.03,0.08973350904238898,0.2013102013102013,0.9920536809145465,574.0
1.3715063715063716e-08,0.025,0.08687307485185788,0.19636069636069636,0.9912247858631414,574.5
1.3194313194313196e-08,0.02,0.0840126406613268,0.19141119141119142,0.9903958908117365,575.0
1.271001271001271e-08,0.02,0.08129707652235944,0.18664118664118665,0.9894885268335802,575.5
1.2225712225712227e-08,0.02,0.0785815123833921,0.18187118187118187,0.9885811628554239,576.0
1.1775261775261776e-08,0.02,0.07600682188077296,0.17727967727967728,0.9875953299505164,576.5
1.1324811324811325e-08,0.02,0.0734321313781538,0.17268817268817271,0.9866094970456087,577.0
1.0905810905810907e-08,0.02,0.07099431809666729,0.1682721682721683,0.9855451952139498,577.5
1.0486810486810488e-08,0.02,0.06855650481518079,0.16385616385616386,0.984480893382291,578.0
1.0097005097005096e-08,0.02,0.06625107278770942,0.1596131596131596,0.9833381226238805,578.5
9.707199707199707e-09,0.02,0.06394564076023808,0.1553701553701554,0.9821953518654701,579.0
9.344549344549346e-09,0.02,0.06176909312346826,0.1512981512981513,0.9809741121803086,579.5
8.981898981898982e-09,0.02,0.059592545486698435,0.1472261472261472,0.9797528724951472,580.0
8.644508644508644e-09,0.02,0.05753988672161072,0.14332064332064334,0.9784531638832342,580.5
8.307118307118307e-09,0.02,0.05548722795652301,0.13941513941513944,0.9771534552713211,581.0
7.993242993242994e-09,0.015,0.053554461647901834,0.1356736356736357,0.9757752777326572,581.5
7.679367679367679e-09,0.01,0.05162169533928067,0.13193213193213194,0.974397100193993,582.0
7.387377387377387e-09,0.01,0.04980332641620467,0.12835062835062835,0.9729404537285774,582.5
7.095387095387096e-09,0.01,0.04798495749312867,0.12476912476912477,0.9714838072631619,583.0
6.823791823791824e-09,0.01,0.04627748909228423,0.12134412134412136,0.969948691870995,583.5
6.552196552196552e-09,0.01,0.044570020691439775,0.11791911791911792,0.968413576478828,584.0
6.2996062996063e-09,0.01,0.042967458190003575,0.11464661464661464,0.9667999921599099,584.5
6.047016047016047e-09,0.01,0.04136489568856736,0.11137411137411138,0.9651864078409915,585.0
5.812140812140812e-09,0.01,0.03986374222322577,0.10825010825010825,0.9634943545953218,585.5
5.577265577265577e-09,0.01,0.03836258875788418,0.10512610512610512,0.9618023013496523,586.0
5.358910358910359e-09,0.01,0.03695734925771583,0.10214615214615214,0.9600317791772314,586.5
5.140555140555141e-09,0.01,0.03555210975754748,0.09916619916619916,0.9582612570048104,587.0
4.937614937614938e-09,0.01,0.034238787807336815,0.09632654632654632,0.9564059848900545,587.5
4.734674734674734e-09,0.01,0.032925465857126156,0.09348689348689349,0.9545507127752985,588.0
4.546124546124546e-09,0.01,0.0316985663859518,0.09078304078304078,0.9525730046247051,588.5
4.357574357574358e-09,0.01,0.030471666914777446,0.08807918807918808,0.9505952964741117,589.0
4.182449182449183e-09,0.01,0.029327693059325786,0.0855067355067355,0.9484888712720969,589.5
4.0073240073240075e-09,0.01,0.02818371920387413,0.08293428293428294,0.9463824460700823,590.0
3.844733844733845e-09,0.01,0.027117675445125725,0.08048888048888049,0.9441473038166462,590.5
3.682143682143682e-09,0.01,0.026051631686377322,0.07804347804347804,0.9419121615632102,591.0
3.531263531263531e-09,0.01,0.025059521609116623,0.07572067572067573,0.9395483022583528,591.5
3.3803833803833805e-09,0.01,0.024067411531855928,0.0733978733978734,0.9371844429534956,592.0
3.2404432404432406e-09,0.01,0.02314473916896544,0.0711933711933712,0.934691866597217,592.5
3.1005031005031007e-09,0.01,0.022222066806074955,0.068988868988869,0.9321992902409384,593.0
2.9707729707729708e-09,0.005,0.021364835742339123,0.0668982168982169,0.9295779968332384,593.5
2.8410428410428413e-09,0.0,0.020507604678603294,0.06480756480756482,0.9269567034255386,594.0
2.720852720852721e-09,0.0,0.019711818498806568,0.06282646282646283,0.9242066929664174,594.5
2.6006626006626006e-09,0.0,0.01891603231900985,0.060845360845360845,0.9214566825072964,595.0
2.4893874893874897e-09,0.0,0.018178194159838627,0.05896945896945897,0.9185779549967539,595.5
2.3781123781123784e-09,0.0,0.0174403560006674,0.057093557093557096,0.9156992274862114,596.0
2.2751672751672754e-09,0.0,0.01675646944690613,0.055318605318605316,0.9126917829242477,596.5
2.1722221722221724e-09,0.0,0.01607258289314485,0.05354365354365354,0.9096843383622841,597.0
2.077047077047077e-09,0.0,0.015439650633381858,0.05186545186545186,0.906548176748899,597.5
1.9818719818719817e-09,0.0,0.014806718373618865,0.05018725018725019,0.9034120151355141,598.0
1.893956893956894e-09,0.0,0.014221243544540548,0.0486017486017486,0.9001471364707079,598.5
1.806041806041806e-09,0.0,0.013635768715462232,0.04701624701624702,0.8968822578059017,599.0
1.7249017249017248e-09,0.0,0.013093754901853038,0.04551929551929552,0.8934886620896741,599.5
1.6437616437616437e-09,0.0,0.012551741088243846,0.04402234402234403,0.8900950663734466,600.0
1.568946568946569e-09,0.0,0.012051689634397946,0.04261009261009261,0.8865727536057978,600.5
1.4941314941314943e-09,0.0,0.011551638180552045,0.0411978411978412,0.883050440838149,601.0
1.4252214252214255e-09,0.0,0.011089552671253887,0.03986633986633987,0.8793994110190788,601.5
1.3563113563113565e-09,0.0,0.010627467161955726,0.038534838534838536,0.8757483812000088,602.0
1.2928962928962929e-09,0.0,0.010200849837695588,0.037280437280437284,0.8719686343295174,602.5
1.2294812294812294e-09,0.0,0.00977423251343545,0.03602603602603603,0.8681888874590261,603.0
1.1711961711961711e-09,0.0,0.009381085166605557,0.034844934844934845,0.8642804235371134,603.5
1.1129111129111129e-09,0.0,0.008987937819775662,0.033663833663833666,0.8603719596152007,604.0
1.0594010594010592e-09,0.0,0.008625762690866293,0.03255253255253255,0.8563347786418669,604.5
1.0058910058910058e-09,0.0,0.008263587561956926,0.03144123144123145,0.8522975976685331,605.0
9.568269568269567e-10,0.0,0.007929387339556419,0.030396330396330398,0.8481316996437778,605.5
9.077629077629078e-10,0.0,0.007595187117155912,0.029351429351429353,0.8439658016190225,606.0
8.628303628303629e-10,0.0,0.007287463145558434,0.02836957836957837,0.8396711865428462,606.5
8.178978178978179e-10,0.0,0.006979739173960957,0.02738772738772739,0.8353765714666699,607.0
7.768067768067768e-10,0.0,0.006696992797460679,0.026465676465676467,0.8309532393390721,607.5
7.357157357157358e-10,0.0,0.0064142464209603995,0.025543625543625544,0.8265299072114741,608.0
6.981901981901982e-10,0.0,0.006153480328145653,0.024678224678224676,0.8219778580324552,608.5
6.606646606646607e-10,0.0,0.005892714235330908,0.023812823812823812,0.8174258088534362,609.0
6.264466264466265e-10,0.0,0.005652929322397809,0.023001173001173,0.812745042622996,609.5
5.922285922285922e-10,0.0,0.00541314440946471,0.02218952218952219,0.8080642763925556,610.0
5.610745610745611e-10,0.0,0.005192842020707426,0.02142872142872143,0.8032547931106941,610.5
5.299205299205299e-10,0.0,0.00497253963195014,0.02066792066792067,0.7984453098288324,611.0
5.016025016025016e-10,0.0,0.004769721559760895,0.019955119955119956,0.7935071094955495,611.5
4.732844732844732e-10,0.0,0.004566903487571649,0.019242319242319242,0.7885689091622666,612.0
4.4758644758644756e-10,0.0,0.004380570628146553,0.018575018575018577,0.7835051215335845,612.5
4.2188842188842193e-10,0.0,0.004194237768721457,0.017907717907717908,0.7784413339049023,613.0
3.9860939860939865e-10,0.0,0.004023391018256624,0.017283217283217283,0.7732707375169533,613.5
3.753303753303753e-10,0.0,0.003852544267791791,0.016658716658716658,0.7681001411290044,614.0
3.5428085428085427e-10,0.0,0.003695185418679445,0.016074666074666073,0.7628258657378101,614.5
3.3323133323133327e-10,0.0,0.0035378265695670983,0.015490615490615492,0.7575515903466158,615.0
3.1423281423281427e-10,0.0,0.0033934560699052955,0.014944714944714945,0.7521736359521768,615.5
2.9523429523429527e-10,0.0,0.003249085570243492,0.0143988143988144,0.7467956815577377,616.0
2.781212781212781e-10,0.0,0.0031162047643263995,0.013888813888813889,0.7413140481600534,616.5
2.61008261008261e-10,0.0,0.002983323958409307,0.013378813378813378,0.7358324147623693,617.0
2.4562374562374563e-10,0.0,0.0028619328462369253,0.012902612902612904,0.7302471023614401,617.5
2.3023923023923023e-10,0.0,0.0027405417340645444,0.012426412426412427,0.7246617899605109,618.0
2.1643821643821646e-10,0.0,0.0026286421080290983,0.011981961981961982,0.7189727985563367,618.5
2.0263720263720265e-10,0.0,0.002516742481993652,0.011537511537511537,0.7132838071521626,619.0
1.902826902826903e-10,0.0,0.0024138347901931966,0.011122961122961123,0.7074911367447433,619.5
1.7792817792817794e-10,0.0,0.002310927098392742,0.010708410708410708,0.701698466337324,620.0
1.668936668936669e-10,0.0,0.0022170113408272784,0.010321895321895322,0.6958021169266598,620.5
1.5585915585915588e-10,0.0,0.0021230955832618145,0.009935379935379936,0.6899057675159956,621.0
1.4602564602564603e-10,0.0,0.00203667310422551,0.009575194575194575,0.6839057391020863,621.5
1.3619213619213618e-10,0.0,0.0019502506251892055,0.009215009215009215,0.677905710688177,622.0
1.2745012745012745e-10,0.0,0.0018708218727801164,0.00887951887951888,0.6718020032710228,622.5
1.1870811870811873e-10,0.0,0.0017913931203710274,0.008544028544028543,0.6656982958538686,623.0
1.1095511095511096e-10,0.0,0.0017184585426872098,0.008231683231683233,0.6594909094334693,623.5
1.032021032021032e-10,0.0,0.0016455239650033922,0.00791933791933792,0.65328352301307,624.0
9.634319634319635e-11,0.0,0.001578584010142902,0.007628672628672628,0.6469724575894257,624.5
8.94842894842895e-11,0.0,0.0015116440552824118,0.007338007338007338,0.6406613921657816,625.0
8.343228343228343e-11,0.0,0.0014506987232452493,0.007067632067632068,0.6342466477388923,625.5
7.738027738027737e-11,0.0,0.0013897533912080866,0.006797256797256798,0.627831903312003,626.0
7.205427205427205e-11,0.0,0.0013333040262884196,0.006545866545866546,0.6213134798818687,626.5
6.672826672826674e-11,0.0,0.0012768546613687523,0.006294476294476294,0.6147950564517343,627.0
6.205391205391207e-11,0.0,0.001225400815468525,0.006060836060836061,0.608172954018355,627.5
5.7379557379557384e-11,0.0,0.0011739469695682973,0.005827195827195828,0.6015508515849758,628.0
5.328855328855329e-11,0.0,0.0011264895388836216,0.00561014561014561,0.5948250701483514,628.5
4.91975491975492e-11,0.0,0.0010790321081989456,0.005393095393095393,0.5880992887117271,629.0
4.562734562734563e-11,0.0,0.0010355710927298215,0.005191530191530192,0.5812698282718578,629.5
4.2057142057142056e-11,0.0,0.0009921100772606972,0.00498996498996499,0.5744403678319884,630.0
3.895063895063895e-11,0.0,0.0009521459251051807,0.0048028598028598025,0.567507228388874,630.5
3.584413584413584e-11,0.0,0.0009121817729496642,0.004615754615754616,0.5605740889457596,631.0
3.3149183149183145e-11,0.0,0.0008752149322058115,0.004442134442134442,0.5535372704994003,631.5
3.0454230454230454e-11,0.0,0.0008382480914619587,0.004268514268514268,0.5465004520530409,632.0
2.8123528123528125e-11,0.0,0.0008047781140317137,0.004107474107474108,0.5393599546034367,632.5
2.5792825792825793e-11,0.0,0.0007713081366014686,0.003946433946433946,0.5322194571538322,633.0
2.3783523783523783e-11,0.0,0.0007403359186809432,0.003797103797103797,0.5249752807009828,633.5
2.1774221774221776e-11,0.0,0.000709363700760418,0.0036477736477736476,0.5177311042481333,634.0
2.0047570047570046e-11,0.0,0.0006808892423496124,0.0035093635093635094,0.5103832487920389,634.5
1.8320918320918323e-11,0.0,0.000652414783938807,0.003370953370953371,0.5030353933359446,635.0
1.6842116842116842e-11,0.0,0.0006264380850377212,0.003242698242698243,0.4955838588766051,635.5
1.5363315363315364e-11,0.0,0.0006004613861366354,0.0031144431144431144,0.4881323244172658,636.0
1.4101014101014101e-11,0.0,0.0005764828948433256,0.0029956429956429957,0.4805771109546813,636.5
1.2838712838712839e-11,0.0,0.0005525044035500157,0.0028768428768428766,0.47302189749209683,637.0
1.1765011765011765e-11,0.0,0.0005305241198644816,0.0027668377668377668,0.4653686674075976,637.5
1.0691310691310692e-11,0.0,0.0005085438361789476,0.0026568326568326573,0.45771543732309833,638.0
9.781199781199781e-12,0.0,0.0004885617601011893,0.002554997554997555,0.4499981649046653,638.5
8.871088871088872e-12,0.0,0.00046857968402343105,0.002453162453162453,0.4422808924862323,639.0
8.102453102453102e-12,0.0,0.00045009626365150464,0.0023589223589223587,0.4345052401151957,639.5
7.333817333817333e-12,0.0,0.0004316128432795782,0.0022646822646822645,0.4267295877441591,640.0
6.687061687061687e-12,0.0,0.0004146280786134837,0.002177497177497177,0.41889555542051893,640.5
6.04030604030604e-12,0.0,0.00039764331394738923,0.0020903120903120907,0.4110615230968787,641.0
5.498145498145498e-12,0.0,0.00038165765308518265,0.0020096770096770097,0.40316911082063495,641.5
4.955984955984956e-12,0.0,0.000365671992222976,0.001929041929041929,0.3952766985443911,642.0
4.5032645032645035e-12,0.0,0.0003511849870666013,0.0018544818544818545,0.38732590631554376,642.5
4.05054405054405e-12,0.0,0.0003366979819102266,0.00177992177992178,0.3793751140866964,643.0
3.673983673983674e-12,0.0,0.0003237096324596837,0.0017110017110017108,0.37136594190524547,643.5
3.2974232974232974e-12,0.0,0.00031072128300914083,0.001642081642081642,0.36335676972379455,644.0
2.985462985462985e-12,0.0,0.0002987320373624859,0.0015783865783865782,0.3552892175897401,644.5
2.6735026735026736e-12,0.0,0.0002867427917158309,0.0015146915146915148,0.34722166545568556,645.0
2.4161224161224163e-12,0.0,0.00027525309797112,0.0014558414558414558,0.3390957333690275,645.5
2.158742158742159e-12,0.0,0.00026376340422640894,0.0013969913969913972,0.33096980128236936,646.0
1.9472719472719474e-12,0.0,0.0002537723661875298,0.0013426363426363426,0.3227854892431077,646.5
1.7358017358017357e-12,0.0,0.00024378132814865068,0.0012882812882812882,0.31460117720384595,647.0
1.5627865627865628e-12,0.0,0.00023428984201171553,0.0012380812380812381,0.3063584852119807,647.5
1.38977138977139e-12,0.0,0.00022479835587478034,0.001187881187881188,0.29811579322011544,648.0
1.248836248836249e-12,0.0,0.0002158064216397891,0.0011415311415311415,0.2898147212756466,648.5
1.1079011079011078e-12,0.0,0.0002068144874047979,0.0010951810951810952,0.28151364933117773,649.0
9.935984935984935e-13,0.0,0.00019882165697369462,0.0010523960523960525,0.27315419743410524,649.5
8.792958792958794e-13,0.0,0.00019082882654259132,0.0010096110096110096,0.26479474553703286,650.0
7.87010287010287e-13,0.0,0.000183335548013432,0.00097012747012747,0.25637691368735677,650.5
6.947246947246947e-13,0.0,0.00017584226948427263,0.0009306439306439306,0.24795908183768078,651.0
6.205551205551206e-13,0.0,0.0001693480947590012,0.0008942093942093943,0.2394828700354012,651.5
5.463855463855464e-13,0.0,0.00016285392003372975,0.0008577748577748577,0.2310066582331216,652.0
4.870529870529872e-13,0.0,0.00015635974530845833,0.0008241618241618241,0.22247206647823842,652.5
4.2772042772042776e-13,0.0,0.00014986557058318688,0.0007905487905487906,0.21393747472335523,653.0
3.804813804813805e-13,0.0,0.00014437049966180336,0.0007595437595437596,0.20534450301586846,653.5
3.3324233324233325e-13,0.0,0.00013887542874041985,0.0007285387285387286,0.1967515313083817,654.0
2.958127958127958e-13,0.0,0.00013338035781903634,0.0006999441999442,0.18810017964829137,654.5
2.5838325838325843e-13,0.0,0.0001278852868976528,0.0006713496713496714,0.17944882798820105,655.0
2.2887122887122886e-13,0.0,0.00012288976787821327,0.0006449831449831451,0.1707390963755071,655.5
1.9935919935919936e-13,0.0,0.00011789424885877368,0.0006186166186166187,0.16202936476281316,656.0
1.762056762056762e-13,0.0,0.00011339828174127808,0.0005943070943070943,0.15326125319751566,656.5
1.5305215305215307e-13,0.0,0.00010890231462378248,0.00056999756999757,0.14449314163221816,657.0
1.3497963497963499e-13,0.0,0.00010490589940823083,0.0005475880475880475,0.13566665011431706,657.5
1.169071169071169e-13,0.0,0.00010090948419267918,0.0005251785251785252,0.12684015859641595,658.0
1.0287260287260288e-13,0.0,9.691306897712753e-05,0.0005045235045235046,0.11795528712591127,658.5
8.883808883808884e-14,0.0,9.291665376157587e-05,0.0004838684838684839,0.10907041565540661,659.0
7.7996827996828e-14,0.0,8.941979044796818e-05,0.0004648324648324648,0.10012716423229834,659.5
6.715556715556715e-14,0.0,8.592292713436049e-05,0.0004457964457964458,0.09118391280919008,660.0
5.882545882545884e-14,0.0,8.292561572269676e-05,0.00042825492825492826,0.08218228143347824,660.5
5.04953504953505e-14,0.0,7.992830431103302e-05,0.0004107134107134107,0.07318065005776639,661.0
4.412934412934413e-14,0.0,7.693099289936927e-05,0.0003945503945503946,0.06412063872945097,661.5
3.7763337763337765e-14,0.0,7.393368148770553e-05,0.0003783873783873784,0.05506062740113555,662.0
3.292503292503293e-14,0.0,7.093637007604179e-05,0.0003634963634963635,0.045942236120216536,662.5
2.808672808672809e-14,0.0,6.793905866437806e-05,0.0003486053486053486,0.03682384483929753,663.0
2.443002443002443e-14,0.0,6.544129915465827e-05,0.0003348868348868349,0.02764707360577494,663.5
2.0773320773320773e-14,0.0,6.29435396449385e-05,0.00032116832116832114,0.018470302372252348,664.0
1.8025318025318027e-14,0.0,6.094533203716267e-05,0.0003085318085318085,0.009235151186126174,664.5
1.5277315277315276e-14,0.0,5.894712442938684e-05,0.0002958952958952959,0.0,665.0
1.3224113224113224e-14,0.0,5.644936491966706e-05,0.00028425628425628424,0.0,665.5
1.1170911170911172e-14,0.0,5.395160540994728e-05,0.0002726172726172726,0.0,666.0
9.645744645744646e-15,0.0,5.195339780217146e-05,0.00026189676189676195,0.0,666.5
8.120578120578121e-15,0.0,4.995519019439563e-05,0.00025117625117625117,0.0,667.0
6.994411994411994e-15,0.0,4.795698258661981e-05,0.0002413032413032413,0.0,667.5
5.868245868245868e-15,0.0,4.595877497884398e-05,0.00023143023143023142,0.0,668.0
5.041695041695042e-15,0.0,4.446011927301211e-05,0.00022233772233772235,0.0,668.5
4.215144215144216e-15,0.0,4.2961463567180245e-05,0.00021324521324521327,0.0,669.0
3.612203612203612e-15,0.0,4.146280786134838e-05,0.00020487220487220485,0.0,669.5
3.0092630092630092e-15,0.0,3.996415215551651e-05,0.0001964991964991965,0.0,670.0
2.5721675721675722e-15,0.0,3.846549644968464e-05,0.00018878868878868877,0.0,670.5
2.135072135072135e-15,0.0,3.696684074385276e-05,0.00018107818107818109,0.0,671.0
1.82019682019682e-15,0.0,3.5468185038020896e-05,0.00017397767397767398,0.0,671.5
1.5053215053215053e-15,0.0,3.396952933218903e-05,0.00016687716687716688,0.0,672.0
1.27994127994128e-15,0.0,3.297042552830112e-05,0.00016033916033916036,0.0,672.5
1.0545610545610545e-15,0.0,3.19713217244132e-05,0.0001538011538011538,0.0,673.0
8.942828942828944e-16,0.0,3.0472666018581335e-05,0.00014778114778114777,0.0,673.5
7.34004734004734e-16,0.0,2.8974010312749465e-05,0.00014176114176114174,0.0,674.0
6.207726207726208e-16,0.0,2.7974906508861554e-05,0.00013621763621763622,0.0,674.5
5.075405075405075e-16,0.0,2.697580270497364e-05,0.00013067413067413067,0.0,675.0
4.280779280779281e-16,0.0,2.597669890108573e-05,0.00012556962556962558,0.0,675.5
3.486153486153486e-16,0.0,2.4977595097197816e-05,0.00012046512046512047,0.0,676.0
2.9322829322829325e-16,0.0,2.3978491293309904e-05,0.00011576461576461577,0.0,676.5
2.3784123784123787e-16,0.0,2.297938748942199e-05,0.00011106411106411108,0.0,677.0
1.9949919949919953e-16,0.0,2.247983558747803e-05,0.00010673610673610674,0.0,677.5
1.6115716115716116e-16,0.0,2.1980283685534078e-05,0.00010240810240810241,0.0,678.0
1.347991347991348e-16,0.0,2.0981179881646167e-05,9.842219842219843e-05,0.0,678.5
1.0844110844110844e-16,0.0,1.9982076077758255e-05,9.443629443629444e-05,0.0,679.0
9.044869044869045e-17,0.0,1.9482524175814296e-05,9.076589076589078e-05,0.0,679.5
7.245627245627246e-17,0.0,1.898297227387034e-05,8.70954870954871e-05,0.0,680.0
6.026221026221027e-17,0.0,1.798386846998243e-05,8.371523371523372e-05,0.0,680.5
4.806814806814807e-17,0.0,1.6984764666094514e-05,8.033498033498034e-05,0.0,681.0
3.9863489863489866e-17,0.0,1.648521276415056e-05,7.722187722187722e-05,0.0,681.5
3.165883165883166e-17,0.0,1.59856608622066e-05,7.410877410877411e-05,0.0,682.0
2.6178876178876177e-17,0.0,1.5486108960262647e-05,7.124157124157125e-05,0.0,682.5
2.06989206989207e-17,0.0,1.498655705831869e-05,6.837436837436838e-05,0.0,683.0
1.7065917065917067e-17,0.0,1.4487005156374732e-05,6.573346573346574e-05,0.0,683.5
1.3432913432913434e-17,0.0,1.3987453254430777e-05,6.30925630925631e-05,0.0,684.0
1.1042531042531043e-17,0.0,1.348790135248682e-05,6.0659860659860664e-05,0.0,684.5
8.652148652148651e-18,0.0,1.2988349450542864e-05,5.8227158227158226e-05,0.0,685.0
7.091317091317091e-18,0.0,1.2488797548598906e-05,5.5986205986205986e-05,0.0,685.5
5.5304855304855306e-18,0.0,1.1989245646654952e-05,5.3745253745253746e-05,0.0,686.0
4.51918451918452e-18,0.0,1.1489693744710995e-05,5.168070168070168e-05,0.0,686.5
3.5078835078835084e-18,0.0,1.0990141842767039e-05,4.9616149616149616e-05,0.0,687.0
2.857757857757858e-18,0.0,1.0490589940823083e-05,4.771394771394772e-05,0.0,687.5
2.2076322076322076e-18,0.0,9.991038038879128e-06,4.5811745811745816e-05,0.0,688.0
1.793001793001793e-18,0.0,9.991038038879128e-06,4.4058994058994066e-05,0.0,688.5
1.3783713783713783e-18,0.0,9.991038038879128e-06,4.230624230624231e-05,0.0,689.0
1.116046116046116e-18,0.0,9.49148613693517e-06,4.0690990690990694e-05,0.0,689.5
8.537208537208537e-19,0.0,8.991934234991215e-06,3.907573907573908e-05,0.0,690.0
6.891041891041891e-19,0.0,8.492382333047257e-06,3.758708758708759e-05,0.0,690.5
5.244875244875245e-19,0.0,7.9928304311033e-06,3.60984360984361e-05,0.0,691.0
4.2203342203342207e-19,0.0,7.9928304311033e-06,3.472633472633473e-05,0.0,691.5
3.195793195793196e-19,0.0,7.9928304311033e-06,3.3354233354233356e-05,0.0,692.0
2.563437563437563e-19,0.0,7.493278529159344e-06,3.20893320893321e-05,0.0,692.5
1.9310819310819312e-19,0.0,6.993726627215388e-06,3.0824430824430826e-05,0.0,693.0
1.5440765440765442e-19,0.0,6.993726627215388e-06,2.9658279658279664e-05,0.0,693.5
1.157071157071157e-19,0.0,6.993726627215388e-06,2.8492128492128495e-05,0.0,694.0
9.222339222339222e-20,0.0,6.494174725271433e-06,2.7416827416827416e-05,0.0,694.5
6.873966873966874e-20,0.0,5.994622823327476e-06,2.634152634152634e-05,0.0,695.0
5.461265461265462e-20,0.0,5.994622823327476e-06,2.534992534992535e-05,0.0,695.5
4.0485640485640486e-20,0.0,5.994622823327476e-06,2.435832435832436e-05,0.0,696.0
3.2061332061332066e-20,0.0,5.4950709213835196e-06,2.3443723443723444e-05,0.0,696.5
2.3637023637023637e-20,0.0,4.995519019439564e-06,2.252912252912253e-05,0.0,697.0
1.865776865776866e-20,0.0,4.995519019439564e-06,2.1685471685471687e-05,0.0,697.5
1.367851367851368e-20,0.0,4.995519019439564e-06,2.0841820841820844e-05,0.0,698.0
6.83925683925684e-21,0.0,4.995519019439564e-06,1.0420910420910422e-05,0.0,698.5
0.0,0.0,4.995519019439564e-06,0.0,0.0,699.0
0.0,0.0,4.495967117495607e-06,0.0,0.0,699.5
0.0,0.0,3.99641521555165e-06,0.0,0.0,700.0
